{
  "id": "1c74d75e-60ec-4467-9271-ccd3795d55bc",
  "name": "MolotovBottle",
  "def": {
    "type": "glass",
    "color": [
      0.07058823529411765,
      0.0392156862745098,
      0.011764705882352941
    ],
    "opacity": 1,
    "roughness": 0.2,
    "ior": 1.4,
    "thickness": 1.85,
    "tint": [
      0.9,
      0.96,
      0.98
    ]
  }
}
