{
  "type": "glass",
  "color": [
    0.800000011920929,
    0.800000011920929,
    0.800000011920929
  ],
  "opacity": 0.4000000059604645,
  "roughness": 0.04,
  "ior": 1.5,
  "thickness": 0.3,
  "tint": [
    0.9,
    0.96,
    0.98
  ]
}
